{"accuracy": 0.9848270312717545, "average_model_error": 1084.803816118815, "average_model_error_verbosed": 7821396.416825371, "average_magnitude_error": 2796.6759584952583, "percentage_of_size_error": 0.07078589572532586}