{"accuracy": 0.9755741357803345, "average_model_error": 2027.3783576137844, "average_model_error_verbosed": 12591101.566375008, "average_magnitude_error": 3548.3942236418725}