{"accuracy": 0.9865932970051543, "average_model_error": 1403.9350159704268, "average_model_error_verbosed": 6910917.740845669, "average_magnitude_error": 2628.862442358989}