{"accuracy": 0.9098973637304034, "average_model_error": 4499.108631860645, "average_model_error_verbosed": 46446311.79880081, "average_magnitude_error": 6815.15310164055}