{"accuracy": 0.9997709427588855, "average_model_error": 1183.73779103019, "average_model_error_verbosed": 12622569.256397158, "average_magnitude_error": 3552.825531376, "percentage_of_size_error": 0.07540818265817643}