{"accuracy": 0.9099031361148779, "average_model_error": 4500.6987621570515, "average_model_error_verbosed": 46443336.236927986, "average_magnitude_error": 6814.934793299785}